{
	"credit": "Made with Blockbench",
	"parent": "minecraft:item/kar98k",
	"texture_size": [32, 32],
	"textures": {
		"0": "minecraft:item/kar98k",
		"particle": "minecraft:item/kar98k"
	},
	"elements": [
		{
			"from": [7.25, 2, 6],
			"to": [8.75, 4, 22],
			"rotation": {"angle": 0, "axis": "y", "origin": [16, 0, 16]},
			"faces": {
				"north": {"uv": [4, 7, 5, 8], "texture": "#0"},
				"east": {"uv": [0, 1, 8, 2], "texture": "#0"},
				"south": {"uv": [5, 7, 6, 8], "texture": "#0"},
				"west": {"uv": [0, 0, 8, 1], "texture": "#0"},
				"up": {"uv": [0, 2, 8, 3], "rotation": 90, "texture": "#0"},
				"down": {"uv": [0, 4, 8, 3], "rotation": 270, "texture": "#0"}
			}
		},
		{
			"from": [7.25, 2.5, 2],
			"to": [8.75, 4, 6],
			"rotation": {"angle": 0, "axis": "y", "origin": [16, 0, 16]},
			"faces": {
				"north": {"uv": [8, 0, 9, 1], "texture": "#0"},
				"east": {"uv": [2, 5.5, 4, 6.5], "texture": "#0"},
				"south": {"uv": [1, 8, 2, 9], "texture": "#0"},
				"west": {"uv": [0, 5.5, 2, 6.5], "texture": "#0"},
				"up": {"uv": [4, 6, 6, 7], "rotation": 90, "texture": "#0"},
				"down": {"uv": [6, 5, 8, 4], "rotation": 270, "texture": "#0"}
			}
		},
		{
			"from": [7.625, 3.25, -2],
			"to": [8.375, 4, 2],
			"rotation": {"angle": 0, "axis": "y", "origin": [16, 0, 16]},
			"faces": {
				"north": {"uv": [6, 9.5, 6.5, 10], "texture": "#0"},
				"east": {"uv": [8, 1.5, 10, 2], "texture": "#0"},
				"south": {"uv": [6.5, 9.5, 7, 10], "texture": "#0"},
				"west": {"uv": [8, 1, 10, 1.5], "texture": "#0"},
				"up": {"uv": [2, 8, 4, 8.5], "rotation": 90, "texture": "#0"},
				"down": {"uv": [8, 2.5, 10, 2], "rotation": 270, "texture": "#0"}
			}
		},
		{
			"from": [7.625, 4, -2],
			"to": [8.375, 4.75, -1.25],
			"rotation": {"angle": 0, "axis": "y", "origin": [16, 0, 16]},
			"faces": {
				"north": {"uv": [10, 8, 10.5, 8.5], "texture": "#0"},
				"east": {"uv": [8.5, 10, 9, 10.5], "texture": "#0"},
				"south": {"uv": [10, 8.5, 10.5, 9], "texture": "#0"},
				"west": {"uv": [8, 10, 8.5, 10.5], "texture": "#0"},
				"up": {"uv": [9, 10, 9.5, 10.5], "rotation": 90, "texture": "#0"},
				"down": {"uv": [10, 9.5, 10.5, 9], "rotation": 270, "texture": "#0"}
			}
		},
		{
			"from": [7.625, 2.25, 0.5],
			"to": [8.375, 3.25, 2],
			"rotation": {"angle": 0, "axis": "y", "origin": [16, 0, 16]},
			"faces": {
				"north": {"uv": [7, 9.5, 7.5, 10], "texture": "#0"},
				"east": {"uv": [8, 7.5, 9, 8], "texture": "#0"},
				"south": {"uv": [7.5, 9.5, 8, 10], "texture": "#0"},
				"west": {"uv": [8, 7, 9, 7.5], "texture": "#0"},
				"up": {"uv": [2, 8.5, 3, 9], "rotation": 90, "texture": "#0"},
				"down": {"uv": [3, 9, 4, 8.5], "rotation": 270, "texture": "#0"}
			}
		},
		{
			"from": [7.625, 2.35, -2],
			"to": [8.375, 3.25, 0.5],
			"rotation": {"angle": 0, "axis": "y", "origin": [16, 0, 16]},
			"faces": {
				"north": {"uv": [9.5, 10, 10, 10.5], "texture": "#0"},
				"east": {"uv": [8, 4.5, 9.5, 5], "texture": "#0"},
				"south": {"uv": [10, 9.5, 10.5, 10], "texture": "#0"},
				"west": {"uv": [8, 4, 9.5, 4.5], "texture": "#0"},
				"up": {"uv": [5.5, 8, 7, 8.5], "rotation": 90, "texture": "#0"},
				"down": {"uv": [7, 8.5, 8.5, 8], "rotation": 270, "texture": "#0"}
			}
		},
		{
			"from": [7.5, 2.25, -2.5],
			"to": [8.5, 3.25, -2],
			"rotation": {"angle": 0, "axis": "y", "origin": [16, 0, 16]},
			"faces": {
				"north": {"uv": [0, 10.5, 0.5, 11], "texture": "#0"},
				"east": {"uv": [10.5, 0, 11, 0.5], "texture": "#0"},
				"south": {"uv": [0.5, 10.5, 1, 11], "texture": "#0"},
				"west": {"uv": [10, 10, 10.5, 10.5], "texture": "#0"},
				"up": {"uv": [10.5, 0.5, 11, 1], "rotation": 90, "texture": "#0"},
				"down": {"uv": [1, 11, 1.5, 10.5], "rotation": 270, "texture": "#0"}
			}
		},
		{
			"from": [7.25, 1, 22],
			"to": [8.75, 3.5, 24],
			"rotation": {"angle": 0, "axis": "y", "origin": [16, 0, 16]},
			"faces": {
				"north": {"uv": [0, 6.5, 1, 8], "texture": "#0"},
				"east": {"uv": [1, 6.5, 2, 8], "texture": "#0"},
				"south": {"uv": [2, 6.5, 3, 8], "texture": "#0"},
				"west": {"uv": [6, 5, 7, 6.5], "texture": "#0"},
				"up": {"uv": [7, 7, 8, 8], "rotation": 90, "texture": "#0"},
				"down": {"uv": [0, 9, 1, 8], "rotation": 270, "texture": "#0"}
			}
		},
		{
			"from": [7.25, 0, 24],
			"to": [8.75, 3, 28],
			"rotation": {"angle": 0, "axis": "y", "origin": [16, 0, 16]},
			"faces": {
				"north": {"uv": [3, 6.5, 4, 8], "texture": "#0"},
				"east": {"uv": [2, 4, 4, 5.5], "texture": "#0"},
				"south": {"uv": [6, 6.5, 7, 8], "texture": "#0"},
				"west": {"uv": [0, 4, 2, 5.5], "texture": "#0"},
				"up": {"uv": [4, 4, 6, 5], "rotation": 90, "texture": "#0"},
				"down": {"uv": [4, 6, 6, 5], "rotation": 270, "texture": "#0"}
			}
		},
		{
			"from": [7.5, 1, 19],
			"to": [8.5, 2, 21],
			"rotation": {"angle": 0, "axis": "y", "origin": [16, 0, 16]},
			"faces": {
				"north": {"uv": [8, 9.5, 8.5, 10], "texture": "#0"},
				"east": {"uv": [5, 8.5, 6, 9], "texture": "#0"},
				"south": {"uv": [9.5, 8, 10, 8.5], "texture": "#0"},
				"west": {"uv": [4, 8.5, 5, 9], "texture": "#0"},
				"up": {"uv": [6, 8.5, 7, 9], "rotation": 90, "texture": "#0"},
				"down": {"uv": [7, 9, 8, 8.5], "rotation": 270, "texture": "#0"}
			}
		},
		{
			"from": [7.5, 1.25, 20.25],
			"to": [8.5, 2, 20.25],
			"rotation": {"angle": 0, "axis": "y", "origin": [16, 0, 16]},
			"faces": {
				"north": {"uv": [8.5, 9.5, 9, 10], "texture": "#0"},
				"east": {"uv": [0, 0, 0, 0.5], "texture": "#0"},
				"south": {"uv": [9, 9.5, 9.5, 10], "texture": "#0"},
				"west": {"uv": [0, 0, 0, 0.5], "texture": "#0"},
				"up": {"uv": [0, 0, 0, 0.5], "rotation": 90, "texture": "#0"},
				"down": {"uv": [0, 0.5, 0, 0], "rotation": 270, "texture": "#0"}
			}
		},
		{
			"from": [8.75, 2.25, 19.25],
			"to": [9.5, 3, 20],
			"rotation": {"angle": 0, "axis": "y", "origin": [16, 0, 16]},
			"faces": {
				"north": {"uv": [0, 10, 0.5, 10.5], "texture": "#0"},
				"east": {"uv": [10, 0, 10.5, 0.5], "texture": "#0"},
				"south": {"uv": [0.5, 10, 1, 10.5], "texture": "#0"},
				"west": {"uv": [9.5, 9.5, 10, 10], "texture": "#0"},
				"up": {"uv": [10, 0.5, 10.5, 1], "rotation": 90, "texture": "#0"},
				"down": {"uv": [1, 10.5, 1.5, 10], "rotation": 270, "texture": "#0"}
			}
		},
		{
			"from": [8.75, 3, 19.375],
			"to": [9.25, 4.25, 19.875],
			"rotation": {"angle": 0, "axis": "y", "origin": [16, 0, 16]},
			"faces": {
				"north": {"uv": [1.5, 10, 2, 10.5], "texture": "#0"},
				"east": {"uv": [10, 1.5, 10.5, 2], "texture": "#0"},
				"south": {"uv": [2, 10, 2.5, 10.5], "texture": "#0"},
				"west": {"uv": [10, 1, 10.5, 1.5], "texture": "#0"},
				"up": {"uv": [10, 2, 10.5, 2.5], "rotation": 90, "texture": "#0"},
				"down": {"uv": [2.5, 10.5, 3, 10], "rotation": 270, "texture": "#0"}
			}
		},
		{
			"from": [7.5, 4, 18.75],
			"to": [8.5, 5, 20.75],
			"rotation": {"angle": 0, "axis": "y", "origin": [16, 0, 16]},
			"faces": {
				"north": {"uv": [3, 10, 3.5, 10.5], "texture": "#0"},
				"east": {"uv": [8.5, 8, 9.5, 8.5], "texture": "#0"},
				"south": {"uv": [3.5, 10, 4, 10.5], "texture": "#0"},
				"west": {"uv": [8, 8.5, 9, 9], "texture": "#0"},
				"up": {"uv": [0, 9, 1, 9.5], "rotation": 90, "texture": "#0"},
				"down": {"uv": [9, 0.5, 10, 0], "rotation": 270, "texture": "#0"}
			}
		},
		{
			"from": [7.5, 4, 15.75],
			"to": [8.5, 4.5, 18.75],
			"rotation": {"angle": 0, "axis": "y", "origin": [16, 0, 16]},
			"faces": {
				"north": {"uv": [5.5, 10, 6, 10.5], "texture": "#0"},
				"east": {"uv": [8, 3, 9.5, 3.5], "texture": "#0"},
				"south": {"uv": [10, 5.5, 10.5, 6], "texture": "#0"},
				"west": {"uv": [8, 2.5, 9.5, 3], "texture": "#0"},
				"up": {"uv": [8, 3.5, 9.5, 4], "rotation": 90, "texture": "#0"},
				"down": {"uv": [4, 8.5, 5.5, 8], "rotation": 270, "texture": "#0"}
			}
		},
		{
			"from": [7.5, 4, 12.25],
			"to": [8.5, 4.5, 14.25],
			"rotation": {"angle": 0, "axis": "y", "origin": [16, 0, 16]},
			"faces": {
				"north": {"uv": [6.5, 10, 7, 10.5], "texture": "#0"},
				"east": {"uv": [9, 8.5, 10, 9], "texture": "#0"},
				"south": {"uv": [10, 6.5, 10.5, 7], "texture": "#0"},
				"west": {"uv": [8, 9, 9, 9.5], "texture": "#0"},
				"up": {"uv": [9, 9, 10, 9.5], "rotation": 90, "texture": "#0"},
				"down": {"uv": [0, 10, 1, 9.5], "rotation": 270, "texture": "#0"}
			}
		},
		{
			"from": [7.5, 4, 14.25],
			"to": [8.5, 5, 15.75],
			"rotation": {"angle": 0, "axis": "y", "origin": [16, 0, 16]},
			"faces": {
				"north": {"uv": [6, 10, 6.5, 10.5], "texture": "#0"},
				"east": {"uv": [7, 9, 8, 9.5], "texture": "#0"},
				"south": {"uv": [10, 6, 10.5, 6.5], "texture": "#0"},
				"west": {"uv": [6, 9, 7, 9.5], "texture": "#0"},
				"up": {"uv": [9, 7, 10, 7.5], "rotation": 90, "texture": "#0"},
				"down": {"uv": [9, 8, 10, 7.5], "rotation": 270, "texture": "#0"}
			}
		},
		{
			"from": [7.5, 4, 9.75],
			"to": [8.5, 4.5, 12.25],
			"rotation": {"angle": 0, "axis": "y", "origin": [16, 0, 16]},
			"faces": {
				"north": {"uv": [7, 10, 7.5, 10.5], "texture": "#0"},
				"east": {"uv": [9.5, 2.5, 10.5, 3], "texture": "#0"},
				"south": {"uv": [10, 7, 10.5, 7.5], "texture": "#0"},
				"west": {"uv": [1, 9.5, 2, 10], "texture": "#0"},
				"up": {"uv": [3, 9.5, 4, 10], "rotation": 90, "texture": "#0"},
				"down": {"uv": [9.5, 3.5, 10.5, 3], "rotation": 270, "texture": "#0"}
			}
		},
		{
			"from": [7.75, 4.5, 9.75],
			"to": [8.25, 5, 12.25],
			"rotation": {"angle": 0, "axis": "y", "origin": [16, 0, 16]},
			"faces": {
				"north": {"uv": [7.5, 10, 8, 10.5], "texture": "#0"},
				"east": {"uv": [4, 9.5, 5, 10], "texture": "#0"},
				"south": {"uv": [10, 7.5, 10.5, 8], "texture": "#0"},
				"west": {"uv": [9.5, 3.5, 10.5, 4], "texture": "#0"},
				"up": {"uv": [9.5, 4, 10.5, 4.5], "rotation": 90, "texture": "#0"},
				"down": {"uv": [9.5, 5, 10.5, 4.5], "rotation": 270, "texture": "#0"}
			}
		},
		{
			"from": [7.25, 0.5, 23],
			"to": [8.75, 1, 24],
			"rotation": {"angle": 0, "axis": "y", "origin": [16, 0, 16]},
			"faces": {
				"north": {"uv": [9, 0.5, 10, 1], "texture": "#0"},
				"east": {"uv": [4.5, 10, 5, 10.5], "texture": "#0"},
				"south": {"uv": [1, 9, 2, 9.5], "texture": "#0"},
				"west": {"uv": [4, 10, 4.5, 10.5], "texture": "#0"},
				"up": {"uv": [2, 9, 2.5, 10], "rotation": 90, "texture": "#0"},
				"down": {"uv": [2.5, 10, 3, 9], "rotation": 270, "texture": "#0"}
			}
		},
		{
			"from": [7.25, 1.5, 21.5],
			"to": [8.75, 2, 22],
			"rotation": {"angle": 0, "axis": "y", "origin": [16, 0, 16]},
			"faces": {
				"north": {"uv": [3, 9, 4, 9.5], "texture": "#0"},
				"east": {"uv": [10, 5, 10.5, 5.5], "texture": "#0"},
				"south": {"uv": [4, 9, 5, 9.5], "texture": "#0"},
				"west": {"uv": [5, 10, 5.5, 10.5], "texture": "#0"},
				"up": {"uv": [5, 9, 5.5, 10], "rotation": 90, "texture": "#0"},
				"down": {"uv": [5.5, 10, 6, 9], "rotation": 270, "texture": "#0"}
			}
		},
		{
			"from": [7.875, 2.35, -8.25],
			"to": [8.125, 3.25, -2.5],
			"rotation": {"angle": 0, "axis": "y", "origin": [16, 0, 16]},
			"faces": {
				"north": {"uv": [10.5, 1, 11, 1.5], "texture": "#0"},
				"east": {"uv": [7, 5.5, 10, 6], "texture": "#0"},
				"south": {"uv": [1.5, 10.5, 2, 11], "texture": "#0"},
				"west": {"uv": [7, 5, 10, 5.5], "texture": "#0"},
				"up": {"uv": [7, 6, 10, 6.5], "rotation": 90, "texture": "#0"},
				"down": {"uv": [7, 7, 10, 6.5], "rotation": 270, "texture": "#0"}
			}
		},
		{
			"from": [7.875, 2.55, -9],
			"to": [8.125, 3.05, -8.25],
			"rotation": {"angle": 0, "axis": "y", "origin": [16, 0, 16]},
			"faces": {
				"north": {"uv": [2, 10.5, 2.5, 11], "texture": "#0"},
				"east": {"uv": [10.5, 2, 11, 2.5], "texture": "#0"},
				"south": {"uv": [2.5, 10.5, 3, 11], "texture": "#0"},
				"west": {"uv": [10.5, 1.5, 11, 2], "texture": "#0"},
				"up": {"uv": [10.5, 2.5, 11, 3], "rotation": 90, "texture": "#0"},
				"down": {"uv": [3, 11, 3.5, 10.5], "rotation": 270, "texture": "#0"}
			}
		}
	],
	"display": {
		"thirdperson_righthand": {
			"translation": [0, 5, -8],
			"scale": [0.75, 0.75, 0.75]
		},
		"thirdperson_lefthand": {
			"translation": [0, 5, -8],
			"scale": [0.75, 0.75, 0.75]
		},
		"firstperson_righthand": {
			"rotation": [3, -10, 0],
			"translation": [2.25, 11.5, -5],
			"scale": [0.75, 0.75, 0.75]
		},
		"firstperson_lefthand": {
			"rotation": [3, -10, 0],
			"translation": [-2.25, 11.5, -5],
			"scale": [0.75, 0.75, 0.75]
		},
		"ground": {
			"translation": [0, 8, 0]
		},
		"gui": {
			"rotation": [90, 60, -90],
			"translation": [0, 3, 0],
			"scale": [0.5, 0.5, 0.5]
		},
		"fixed": {
			"rotation": [0, -90, 0],
			"translation": [0, 5, -2.5],
			"scale": [1.5, 1.5, 1.5]
		}
	}
}