{
	"credit": "Made with Blockbench",
	"parent": "minecraft:item/walther_ppk",
	"textures": {
		"0": "minecraft:item/walther_ppk",
		"particle": "minecraft:item/walther_ppk"
	},
	"elements": [
		{
			"from": [7.25, -4, 9],
			"to": [8.75, -1, 11],
			"rotation": {"angle": -22.5, "axis": "x", "origin": [0, 1, 0]},
			"faces": {
				"north": {"uv": [0, 4, 2, 7], "texture": "#0"},
				"east": {"uv": [2, 4, 4, 7], "texture": "#0"},
				"south": {"uv": [4, 4, 6, 7], "texture": "#0"},
				"west": {"uv": [5, 0, 7, 3], "texture": "#0"},
				"up": {"uv": [9, 2, 7, 0], "texture": "#0"},
				"down": {"uv": [3, 7, 1, 9], "texture": "#0"}
			}
		},
		{
			"from": [7.375, -1, 9],
			"to": [8.625, 0, 11],
			"rotation": {"angle": -22.5, "axis": "x", "origin": [0, 1, 0]},
			"faces": {
				"north": {"uv": [7, 9, 8, 10], "texture": "#0"},
				"east": {"uv": [7, 8, 9, 9], "texture": "#0"},
				"south": {"uv": [9, 7, 10, 8], "texture": "#0"},
				"west": {"uv": [9, 0, 11, 1], "texture": "#0"},
				"up": {"uv": [2, 11, 1, 9], "texture": "#0"},
				"down": {"uv": [3, 9, 2, 11], "texture": "#0"}
			}
		},
		{
			"from": [7.375, 2.5, 5.5],
			"to": [8.625, 4.5, 10.5],
			"rotation": {"angle": 0, "axis": "y", "origin": [0, 1, 0]},
			"faces": {
				"north": {"uv": [7, 4, 8, 6], "texture": "#0"},
				"east": {"uv": [0, 0, 5, 2], "texture": "#0"},
				"south": {"uv": [5, 7, 6, 9], "texture": "#0"},
				"west": {"uv": [0, 2, 5, 4], "texture": "#0"},
				"up": {"uv": [7, 8, 6, 3], "texture": "#0"},
				"down": {"uv": [1, 7, 0, 12], "texture": "#0"}
			}
		},
		{
			"from": [7.5, 2, 6],
			"to": [8.5, 2.5, 10],
			"faces": {
				"north": {"uv": [9, 4, 10, 5], "texture": "#0"},
				"east": {"uv": [7, 2, 11, 3], "texture": "#0"},
				"south": {"uv": [5, 9, 6, 10], "texture": "#0"},
				"west": {"uv": [7, 3, 11, 4], "texture": "#0"},
				"up": {"uv": [4, 11, 3, 7], "texture": "#0"},
				"down": {"uv": [5, 7, 4, 11], "texture": "#0"}
			}
		},
		{
			"from": [7.5, 1, 8],
			"to": [8.5, 2, 10],
			"faces": {
				"north": {"uv": [9, 5, 10, 6], "texture": "#0"},
				"east": {"uv": [7, 6, 9, 7], "texture": "#0"},
				"south": {"uv": [9, 6, 10, 7], "texture": "#0"},
				"west": {"uv": [7, 7, 9, 8], "texture": "#0"},
				"up": {"uv": [9, 6, 8, 4], "texture": "#0"},
				"down": {"uv": [7, 8, 6, 10], "texture": "#0"}
			}
		},
		{
			"from": [7.5, 1.25, 9],
			"to": [8.5, 2, 9],
			"faces": {
				"north": {"uv": [5, 3, 6, 4], "texture": "#0"},
				"east": {"uv": [0, 0, 0, 1], "texture": "#0"},
				"south": {"uv": [9, 1, 10, 2], "texture": "#0"},
				"west": {"uv": [0, 0, 0, 1], "texture": "#0"},
				"up": {"uv": [1, 0, 0, 0], "texture": "#0"},
				"down": {"uv": [1, 0, 0, 0], "texture": "#0"}
			}
		}
	],
	"display": {
		"thirdperson_righthand": {
			"translation": [0, 5, 0],
			"scale": [0.75, 0.75, 0.75]
		},
		"thirdperson_lefthand": {
			"translation": [0, 5, 0],
			"scale": [0.75, 0.75, 0.75]
		},
		"firstperson_righthand": {
			"rotation": [3, -10, 0],
			"translation": [5, 6, 0],
			"scale": [0.68, 0.68, 0.68]
		},
		"firstperson_lefthand": {
			"rotation": [3, 10, 0],
			"translation": [-5, 6.5, 0],
			"scale": [0.68, 0.68, 0.68]
		},
		"gui": {
			"rotation": [90, 60, -90],
			"translation": [2, 4, 0]
		},
		"fixed": {
			"rotation": [0, -90, 0],
			"translation": [0.75, 7.5, -2],
			"scale": [1.5, 1.5, 1.5]
		}
	}
}